storm_id,year,month,month_name,name,start_date,end_date,duration_hours,max_wind_kt,max_wind_mph,min_pressure_mb,category_num,category,is_hurricane,is_major,landfalls,observations
AL071976,1976,8,August,BELLE,1976-08-06,1976-08-10,102,105,120,957,3,Cat 3,1,1,0,18
AL091976,1976,8,August,CANDICE,1976-08-18,1976-08-24,144,80,92,964,1,Cat 1,1,0,0,25
AL101976,1976,8,August,EMMY,1976-08-20,1976-09-04,366,90,103,974,2,Cat 2,1,0,0,62
AL111976,1976,8,August,FRANCES,1976-08-27,1976-09-07,264,100,115,963,3,Cat 3,1,1,0,45
AL171976,1976,9,September,GLORIA,1976-09-26,1976-10-05,204,90,103,970,2,Cat 2,1,0,0,35
AL211976,1976,10,October,HOLLY,1976-10-22,1976-10-29,150,65,74,990,1,Cat 1,1,0,0,26
AL051977,1977,8,August,ANITA,1977-08-29,1977-09-03,114,150,172,926,5,Cat 5,1,1,0,20
AL061977,1977,9,September,BABE,1977-09-03,1977-09-09,138,65,74,995,1,Cat 1,1,0,0,24
AL071977,1977,9,September,CLARA,1977-09-05,1977-09-12,156,65,74,993,1,Cat 1,1,0,0,27
AL101977,1977,9,September,DOROTHY,1977-09-26,1977-09-30,84,75,86,980,1,Cat 1,1,0,0,15
AL131977,1977,10,October,EVELYN,1977-10-13,1977-10-16,54,70,80,994,1,Cat 1,1,0,0,10
AL061978,1978,8,August,CORA,1978-08-07,1978-08-12,108,80,92,980,1,Cat 1,1,0,0,19
AL101978,1978,8,August,ELLA,1978-08-30,1978-09-05,156,120,138,956,4,Cat 4,1,1,0,27
AL131978,1978,9,September,FLOSSIE,1978-09-04,1978-09-16,294,85,97,976,2,Cat 2,1,0,0,50
AL161978,1978,9,September,GRETA,1978-09-13,1978-09-20,150,115,132,947,4,Cat 4,1,1,0,26
AL231978,1978,10,October,KENDRA,1978-10-28,1978-11-03,138,70,80,990,1,Cat 1,1,0,0,24
AL041979,1979,7,July,BOB,1979-07-09,1979-07-16,168,65,74,986,1,Cat 1,1,0,0,29
AL091979,1979,8,August,DAVID,1979-08-25,1979-09-08,324,150,172,924,5,Cat 5,1,1,0,55
AL111979,1979,8,August,FREDERIC,1979-08-29,1979-09-15,402,115,132,943,4,Cat 4,1,1,0,68
AL141979,1979,9,September,GLORIA,1979-09-04,1979-09-15,258,85,97,975,2,Cat 2,1,0,0,44
AL151979,1979,9,September,HENRI,1979-09-15,1979-09-24,228,75,86,983,1,Cat 1,1,0,0,39
AL181979,1979,10,October,UNNAMED,1979-10-23,1979-10-25,48,65,74,980,1,Cat 1,1,0,0,9
AL041980,1980,7,July,ALLEN,1980-07-31,1980-08-11,270,165,189,899,5,Cat 5,1,1,0,46
AL061980,1980,8,August,BONNIE,1980-08-14,1980-08-19,138,85,97,975,2,Cat 2,1,0,0,24
AL071980,1980,8,August,CHARLEY,1980-08-20,1980-08-25,126,70,80,989,1,Cat 1,1,0,0,22
AL091980,1980,9,September,GEORGES,1980-09-01,1980-09-08,186,70,80,993,1,Cat 1,1,0,0,32
AL101980,1980,9,September,EARL,1980-09-04,1980-09-11,156,65,74,985,1,Cat 1,1,0,0,27
AL121980,1980,9,September,FRANCES,1980-09-06,1980-09-21,360,100,115,958,3,Cat 3,1,1,0,61
AL141980,1980,10,October,IVAN,1980-10-01,1980-10-12,264,90,103,970,2,Cat 2,1,0,0,45
AL161980,1980,11,November,JEANNE,1980-11-07,1980-11-16,204,85,97,986,2,Cat 2,1,0,0,35
AL181980,1980,11,November,KARL,1980-11-25,1980-11-28,72,75,86,985,1,Cat 1,1,0,0,13
AL101981,1981,8,August,DENNIS,1981-08-07,1981-08-22,354,70,80,995,1,Cat 1,1,0,0,60
AL131981,1981,8,August,EMILY,1981-08-31,1981-09-12,276,80,92,966,1,Cat 1,1,0,0,47
AL141981,1981,9,September,FLOYD,1981-09-03,1981-09-12,216,100,115,975,3,Cat 3,1,1,0,37
AL151981,1981,9,September,GERT,1981-09-07,1981-09-15,210,90,103,988,2,Cat 2,1,0,0,36
AL161981,1981,9,September,HARVEY,1981-09-11,1981-09-20,198,115,132,946,4,Cat 4,1,1,0,34
AL181981,1981,9,September,IRENE,1981-09-21,1981-10-03,282,105,120,959,3,Cat 3,1,1,0,48
AL211981,1981,11,November,KATRINA,1981-11-03,1981-11-07,114,75,86,980,1,Cat 1,1,0,0,20
AL011982,1982,6,June,ALBERTO,1982-06-02,1982-06-06,96,75,86,985,1,Cat 1,1,0,0,17
AL061982,1982,9,September,DEBBY,1982-09-13,1982-09-20,174,115,132,950,4,Cat 4,1,1,0,30
AL031983,1983,8,August,ALICIA,1983-08-15,1983-08-21,138,100,115,962,3,Cat 3,1,1,1,25
AL041983,1983,8,August,BARRY,1983-08-23,1983-08-29,138,70,80,986,1,Cat 1,1,0,2,26
AL051983,1983,9,September,CHANTAL,1983-09-10,1983-09-15,114,65,74,994,1,Cat 1,1,0,0,20
AL101984,1984,9,September,DIANA,1984-09-08,1984-09-16,186,115,132,949,4,Cat 4,1,1,1,33
AL141984,1984,9,September,HORTENSE,1984-09-23,1984-10-02,234,65,74,993,1,Cat 1,1,0,0,40
AL161984,1984,10,October,JOSEPHINE,1984-10-07,1984-10-21,330,90,103,965,2,Cat 2,1,0,0,56
AL181984,1984,11,November,KLAUS,1984-11-05,1984-11-13,192,80,92,971,1,Cat 1,1,0,0,33
AL201984,1984,12,December,LILI,1984-12-12,1984-12-24,288,70,80,980,1,Cat 1,1,0,0,49
AL021985,1985,7,July,BOB,1985-07-21,1985-07-26,114,65,74,1002,1,Cat 1,1,0,1,21
AL031985,1985,8,August,CLAUDETTE,1985-08-09,1985-08-17,174,75,86,980,1,Cat 1,1,0,0,30
AL041985,1985,8,August,DANNY,1985-08-12,1985-08-20,210,80,92,987,1,Cat 1,1,0,1,37
AL051985,1985,8,August,ELENA,1985-08-28,1985-09-04,186,110,126,953,3,Cat 3,1,1,1,33
AL091985,1985,9,September,GLORIA,1985-09-16,1985-10-02,372,125,143,920,4,Cat 4,1,1,2,65
AL121985,1985,10,October,JUAN,1985-10-26,1985-11-01,162,75,86,971,1,Cat 1,1,0,1,29
AL131985,1985,11,November,KATE,1985-11-15,1985-11-23,192,105,120,954,3,Cat 3,1,1,1,34
AL021986,1986,6,June,BONNIE,1986-06-23,1986-06-28,114,75,86,990,1,Cat 1,1,0,1,21
AL051986,1986,8,August,CHARLEY,1986-08-13,1986-08-30,396,70,80,980,1,Cat 1,1,0,1,68
AL091986,1986,9,September,EARL,1986-09-10,1986-09-20,222,90,103,979,2,Cat 2,1,0,0,38
AL101986,1986,11,November,FRANCES,1986-11-18,1986-11-21,72,75,86,1000,1,Cat 1,1,0,0,13
AL021987,1987,8,August,ARLENE,1987-08-08,1987-08-28,480,65,74,987,1,Cat 1,1,0,0,81
AL121987,1987,9,September,EMILY,1987-09-20,1987-09-26,162,110,126,958,3,Cat 3,1,1,2,30
AL131987,1987,10,October,FLOYD,1987-10-09,1987-10-14,114,65,74,993,1,Cat 1,1,0,1,21
AL041988,1988,8,August,DEBBY,1988-08-31,1988-09-08,192,65,74,987,1,Cat 1,1,0,1,33
AL071988,1988,9,September,FLORENCE,1988-09-07,1988-09-11,102,70,80,982,1,Cat 1,1,0,1,20
AL081988,1988,9,September,GILBERT,1988-09-08,1988-09-20,270,160,184,888,5,Cat 5,1,1,3,49
AL091988,1988,9,September,HELENE,1988-09-19,1988-09-30,258,125,143,938,4,Cat 4,1,1,0,44
AL111988,1988,10,October,JOAN,1988-10-10,1988-10-23,300,125,143,932,4,Cat 4,1,1,3,53
AL121988,1988,11,November,KEITH,1988-11-17,1988-11-26,216,65,74,945,1,Cat 1,1,0,2,39
AL041989,1989,7,July,CHANTAL,1989-07-30,1989-08-03,84,70,80,984,1,Cat 1,1,0,1,16
AL051989,1989,7,July,DEAN,1989-07-31,1989-08-09,216,90,103,968,2,Cat 2,1,0,1,38
AL071989,1989,8,August,ERIN,1989-08-18,1989-08-27,216,90,103,968,2,Cat 2,1,0,0,37
AL081989,1989,8,August,FELIX,1989-08-26,1989-09-10,372,75,86,979,1,Cat 1,1,0,0,63
AL101989,1989,8,August,GABRIELLE,1989-08-30,1989-09-13,336,125,143,935,4,Cat 4,1,1,0,58
AL111989,1989,9,September,HUGO,1989-09-10,1989-09-25,360,140,161,918,5,Cat 5,1,1,5,64
AL141989,1989,10,October,JERRY,1989-10-12,1989-10-16,102,75,86,982,1,Cat 1,1,0,1,20
AL031990,1990,7,July,BERTHA,1990-07-24,1990-08-02,216,70,80,973,1,Cat 1,1,0,0,37
AL051990,1990,8,August,DIANA,1990-08-04,1990-08-09,132,85,97,980,2,Cat 2,1,0,2,25
AL081990,1990,8,August,GUSTAV,1990-08-24,1990-09-03,240,105,120,956,3,Cat 3,1,1,0,41
AL101990,1990,9,September,ISIDORE,1990-09-04,1990-09-17,324,85,97,978,2,Cat 2,1,0,0,55
AL121990,1990,9,September,JOSEPHINE,1990-09-21,1990-10-06,366,75,86,980,1,Cat 1,1,0,0,62
AL131990,1990,10,October,KLAUS,1990-10-03,1990-10-09,144,70,80,985,1,Cat 1,1,0,0,25
AL141990,1990,10,October,LILI,1990-10-06,1990-10-15,222,65,74,987,1,Cat 1,1,0,0,38
AL161990,1990,10,October,NANA,1990-10-16,1990-10-21,132,75,86,989,1,Cat 1,1,0,0,23
AL031991,1991,8,August,BOB,1991-08-16,1991-08-29,312,100,115,950,3,Cat 3,1,1,3,55
AL061991,1991,9,September,CLAUDETTE,1991-09-04,1991-09-14,246,115,132,944,4,Cat 4,1,1,0,43
AL111991,1991,10,October,GRACE,1991-10-25,1991-10-29,96,90,103,980,2,Cat 2,1,0,0,18
AL121991,1991,10,October,UNNAMED,1991-10-28,1991-11-02,120,65,74,972,1,Cat 1,1,0,1,22
AL041992,1992,8,August,ANDREW,1992-08-16,1992-08-28,276,150,172,922,5,Cat 5,1,1,5,52
AL051992,1992,9,September,BONNIE,1992-09-17,1992-10-02,360,95,109,965,2,Cat 2,1,0,0,61
AL061992,1992,9,September,CHARLEY,1992-09-21,1992-09-29,174,95,109,965,2,Cat 2,1,0,0,30
AL101992,1992,10,October,FRANCES,1992-10-22,1992-10-30,180,75,86,976,1,Cat 1,1,0,0,31
AL051993,1993,8,August,EMILY,1993-08-22,1993-09-06,354,100,115,960,3,Cat 3,1,1,0,61
AL071993,1993,9,September,FLOYD,1993-09-07,1993-09-13,132,70,80,966,1,Cat 1,1,0,0,23
AL081993,1993,9,September,GERT,1993-09-14,1993-09-21,168,85,97,970,2,Cat 2,1,0,3,30
AL091993,1993,9,September,HARVEY,1993-09-18,1993-09-21,72,65,74,990,1,Cat 1,1,0,0,13
AL041994,1994,8,August,CHRIS,1994-08-16,1994-08-23,174,70,80,979,1,Cat 1,1,0,0,30
AL111994,1994,11,November,FLORENCE,1994-11-02,1994-11-08,162,95,109,972,2,Cat 2,1,0,0,28
AL121994,1994,11,November,GORDON,1994-11-08,1994-11-21,318,75,86,980,1,Cat 1,1,0,6,59
AL011995,1995,6,June,ALLISON,1995-06-03,1995-06-11,192,65,74,982,1,Cat 1,1,0,2,35
AL051995,1995,7,July,ERIN,1995-07-31,1995-08-06,156,85,97,973,2,Cat 2,1,0,2,30
AL071995,1995,8,August,FELIX,1995-08-08,1995-08-25,408,120,138,929,4,Cat 4,1,1,0,69
AL091995,1995,8,August,HUMBERTO,1995-08-22,1995-09-01,240,95,109,968,2,Cat 2,1,0,0,41
AL101995,1995,8,August,IRIS,1995-08-22,1995-09-07,384,95,109,957,2,Cat 2,1,0,2,66
AL131995,1995,8,August,LUIS,1995-08-28,1995-09-12,360,130,149,935,4,Cat 4,1,1,0,61
AL151995,1995,9,September,MARILYN,1995-09-12,1995-10-01,456,100,115,949,3,Cat 3,1,1,1,79
AL161995,1995,9,September,NOEL,1995-09-26,1995-10-07,264,65,74,987,1,Cat 1,1,0,0,45
AL171995,1995,9,September,OPAL,1995-09-27,1995-10-06,216,130,149,916,4,Cat 4,1,1,1,39
AL191995,1995,10,October,ROXANNE,1995-10-07,1995-10-21,318,100,115,956,3,Cat 3,1,1,1,56
AL211995,1995,10,October,TANYA,1995-10-27,1995-11-03,168,75,86,970,1,Cat 1,1,0,0,29
AL021996,1996,7,July,BERTHA,1996-07-05,1996-07-17,294,100,115,960,3,Cat 3,1,1,1,51
AL031996,1996,7,July,CESAR,1996-07-24,1996-07-28,96,75,86,985,1,Cat 1,1,0,1,18
AL041996,1996,8,August,DOLLY,1996-08-19,1996-08-25,138,70,80,989,1,Cat 1,1,0,2,25
AL051996,1996,8,August,EDOUARD,1996-08-19,1996-09-06,432,125,143,933,4,Cat 4,1,1,0,73
AL061996,1996,8,August,FRAN,1996-08-23,1996-09-10,420,105,120,946,3,Cat 3,1,1,1,72
AL081996,1996,9,September,HORTENSE,1996-09-03,1996-09-16,306,120,138,935,4,Cat 4,1,1,2,53
AL091996,1996,9,September,ISIDORE,1996-09-24,1996-10-02,192,100,115,960,3,Cat 3,1,1,0,33
AL121996,1996,10,October,LILI,1996-10-14,1996-10-29,348,100,115,960,3,Cat 3,1,1,1,60
AL131996,1996,11,November,MARCO,1996-11-13,1996-11-26,318,65,74,983,1,Cat 1,1,0,0,54
AL031997,1997,7,July,BILL,1997-07-11,1997-07-13,48,65,74,986,1,Cat 1,1,0,0,10
AL051997,1997,7,July,DANNY,1997-07-16,1997-07-27,264,70,80,984,1,Cat 1,1,0,3,47
AL071997,1997,9,September,ERIKA,1997-09-03,1997-09-19,396,110,126,946,3,Cat 3,1,1,0,67
AL021998,1998,8,August,BONNIE,1998-08-19,1998-08-31,282,100,115,954,3,Cat 3,1,1,1,49
AL041998,1998,8,August,DANIELLE,1998-08-24,1998-09-08,360,90,103,960,2,Cat 2,1,0,0,61
AL051998,1998,8,August,EARL,1998-08-31,1998-09-08,192,85,97,964,2,Cat 2,1,0,1,33
AL071998,1998,9,September,GEORGES,1998-09-15,1998-10-01,378,135,155,937,4,Cat 4,1,1,7,71
AL091998,1998,9,September,IVAN,1998-09-19,1998-09-27,210,80,92,975,1,Cat 1,1,0,0,36
AL101998,1998,9,September,JEANNE,1998-09-21,1998-10-04,318,90,103,969,2,Cat 2,1,0,0,54
AL111998,1998,9,September,KARL,1998-09-23,1998-09-29,150,90,103,970,2,Cat 2,1,0,0,26
AL121998,1998,10,October,LISA,1998-10-05,1998-10-10,120,65,74,995,1,Cat 1,1,0,0,21
AL131998,1998,10,October,MITCH,1998-10-22,1998-11-09,450,155,178,905,5,Cat 5,1,1,3,78
AL141998,1998,11,November,NICOLE,1998-11-24,1998-12-02,204,75,86,979,1,Cat 1,1,0,0,35
AL031999,1999,8,August,BRET,1999-08-18,1999-08-25,150,125,143,944,4,Cat 4,1,1,1,26
AL041999,1999,8,August,CINDY,1999-08-19,1999-08-31,300,120,138,942,4,Cat 4,1,1,0,51
AL051999,1999,8,August,DENNIS,1999-08-24,1999-09-08,378,90,103,962,2,Cat 2,1,0,2,66
AL081999,1999,9,September,FLOYD,1999-09-07,1999-09-19,282,135,155,921,4,Cat 4,1,1,3,50
AL091999,1999,9,September,GERT,1999-09-11,1999-09-23,288,130,149,930,4,Cat 4,1,1,0,49
AL131999,1999,10,October,IRENE,1999-10-12,1999-10-19,174,95,109,958,2,Cat 2,1,0,4,34
AL141999,1999,10,October,JOSE,1999-10-17,1999-10-25,186,85,97,979,2,Cat 2,1,0,2,34
AL161999,1999,11,November,LENNY,1999-11-13,1999-11-23,228,135,155,933,4,Cat 4,1,1,5,39
AL032000,2000,8,August,ALBERTO,2000-08-03,2000-08-25,516,110,126,950,3,Cat 3,1,1,0,87
AL072000,2000,8,August,DEBBY,2000-08-19,2000-08-24,114,75,86,991,1,Cat 1,1,0,3,23
AL102000,2000,9,September,FLORENCE,2000-09-10,2000-09-17,168,70,80,985,1,Cat 1,1,0,0,29
AL112000,2000,9,September,GORDON,2000-09-14,2000-09-21,162,70,80,981,1,Cat 1,1,0,1,29
AL132000,2000,9,September,ISAAC,2000-09-21,2000-10-04,306,120,138,943,4,Cat 4,1,1,0,52
AL142000,2000,9,September,JOYCE,2000-09-25,2000-10-02,162,80,92,975,1,Cat 1,1,0,0,28
AL152000,2000,9,September,KEITH,2000-09-28,2000-10-06,186,120,138,939,4,Cat 4,1,1,3,35
AL172000,2000,10,October,MICHAEL,2000-10-15,2000-10-20,126,85,97,965,2,Cat 2,1,0,0,22
AL062001,2001,9,September,ERIN,2001-09-01,2001-09-17,366,105,120,968,3,Cat 3,1,1,0,62
AL072001,2001,9,September,FELIX,2001-09-07,2001-09-19,270,100,115,962,3,Cat 3,1,1,0,46
AL082001,2001,9,September,GABRIELLE,2001-09-11,2001-09-21,240,70,80,975,1,Cat 1,1,0,1,41
AL102001,2001,9,September,HUMBERTO,2001-09-21,2001-09-27,150,90,103,970,2,Cat 2,1,0,0,26
AL112001,2001,10,October,IRIS,2001-10-04,2001-10-09,120,125,143,948,4,Cat 4,1,1,1,22
AL132001,2001,10,October,KAREN,2001-10-11,2001-10-15,108,70,80,982,1,Cat 1,1,0,1,19
AL152001,2001,10,October,MICHELLE,2001-10-29,2001-11-06,192,120,138,933,4,Cat 4,1,1,4,35
AL162001,2001,11,November,NOEL,2001-11-04,2001-11-06,66,65,74,986,1,Cat 1,1,0,0,12
AL172001,2001,11,November,OLGA,2001-11-23,2001-12-04,276,80,92,973,1,Cat 1,1,0,0,47
AL082002,2002,9,September,GUSTAV,2002-09-08,2002-09-15,156,85,97,960,2,Cat 2,1,0,2,30
AL102002,2002,9,September,ISIDORE,2002-09-14,2002-09-27,312,110,126,934,3,Cat 3,1,1,3,55
AL122002,2002,9,September,KYLE,2002-09-20,2002-10-12,522,75,86,980,1,Cat 1,1,0,2,90
AL132002,2002,9,September,LILI,2002-09-21,2002-10-04,306,125,143,938,4,Cat 4,1,1,4,57
AL042003,2003,7,July,CLAUDETTE,2003-07-07,2003-07-17,252,80,92,979,1,Cat 1,1,0,2,45
AL052003,2003,7,July,DANNY,2003-07-16,2003-07-27,258,65,74,1000,1,Cat 1,1,0,0,44
AL082003,2003,8,August,ERIKA,2003-08-14,2003-08-17,54,65,74,986,1,Cat 1,1,0,1,11
AL102003,2003,8,August,FABIAN,2003-08-27,2003-09-09,312,125,143,939,4,Cat 4,1,1,0,53
AL132003,2003,9,September,ISABEL,2003-09-06,2003-09-20,336,145,166,915,5,Cat 5,1,1,1,58
AL152003,2003,9,September,JUAN,2003-09-24,2003-09-29,120,90,103,969,2,Cat 2,1,0,1,22
AL162003,2003,9,September,KATE,2003-09-25,2003-10-10,342,110,126,952,3,Cat 3,1,1,0,58
AL012004,2004,7,July,ALEX,2004-07-31,2004-08-06,144,105,120,957,3,Cat 3,1,1,0,25
AL032004,2004,8,August,CHARLEY,2004-08-09,2004-08-15,144,130,149,941,4,Cat 4,1,1,5,30
AL042004,2004,8,August,DANIELLE,2004-08-13,2004-08-24,270,95,109,964,2,Cat 2,1,0,0,46
AL062004,2004,8,August,FRANCES,2004-08-25,2004-09-10,402,125,143,935,4,Cat 4,1,1,6,75
AL072004,2004,8,August,GASTON,2004-08-27,2004-09-03,156,65,74,985,1,Cat 1,1,0,1,28
AL092004,2004,9,September,IVAN,2004-09-02,2004-09-24,516,145,166,910,5,Cat 5,1,1,2,94
AL112004,2004,9,September,JEANNE,2004-09-13,2004-09-29,378,105,120,950,3,Cat 3,1,1,5,69
AL122004,2004,9,September,KARL,2004-09-16,2004-09-28,282,125,143,938,4,Cat 4,1,1,0,48
AL132004,2004,9,September,LISA,2004-09-19,2004-10-03,324,65,74,987,1,Cat 1,1,0,0,55
AL032005,2005,7,July,CINDY,2005-07-03,2005-07-11,180,65,74,991,1,Cat 1,1,0,3,34
AL042005,2005,7,July,DENNIS,2005-07-04,2005-07-18,324,130,149,930,4,Cat 4,1,1,4,59
AL052005,2005,7,July,EMILY,2005-07-11,2005-07-21,252,140,161,929,5,Cat 5,1,1,3,45
AL092005,2005,8,August,IRENE,2005-08-04,2005-08-18,330,90,103,970,2,Cat 2,1,0,0,56
AL122005,2005,8,August,KATRINA,2005-08-23,2005-08-31,180,150,172,902,5,Cat 5,1,1,3,34
AL142005,2005,9,September,MARIA,2005-09-01,2005-09-14,300,100,115,962,3,Cat 3,1,1,0,51
AL152005,2005,9,September,NATE,2005-09-05,2005-09-12,168,80,92,979,1,Cat 1,1,0,0,29
AL162005,2005,9,September,OPHELIA,2005-09-06,2005-09-23,402,75,86,976,1,Cat 1,1,0,1,69
AL172005,2005,9,September,PHILIPPE,2005-09-17,2005-09-24,162,70,80,985,1,Cat 1,1,0,0,28
AL182005,2005,9,September,RITA,2005-09-18,2005-09-26,198,155,178,895,5,Cat 5,1,1,1,36
AL202005,2005,10,October,STAN,2005-10-01,2005-10-05,90,70,80,977,1,Cat 1,1,0,2,17
AL242005,2005,10,October,VINCE,2005-10-08,2005-10-11,78,65,74,988,1,Cat 1,1,0,1,15
AL252005,2005,10,October,WILMA,2005-10-15,2005-10-26,264,160,184,882,5,Cat 5,1,1,3,48
AL272005,2005,10,October,BETA,2005-10-26,2005-10-31,102,100,115,962,3,Cat 3,1,1,1,18
AL302005,2005,11,November,EPSILON,2005-11-29,2005-12-09,252,75,86,981,1,Cat 1,1,0,0,43
AL062006,2006,8,August,ERNESTO,2006-08-24,2006-09-04,252,65,74,985,1,Cat 1,1,0,4,47
AL072006,2006,9,September,FLORENCE,2006-09-03,2006-09-19,366,80,92,963,1,Cat 1,1,0,0,62
AL082006,2006,9,September,GORDON,2006-09-10,2006-09-24,336,105,120,955,3,Cat 3,1,1,0,57
AL092006,2006,9,September,HELENE,2006-09-12,2006-09-27,366,105,120,955,3,Cat 3,1,1,0,62
AL102006,2006,9,September,ISAAC,2006-09-27,2006-10-03,138,75,86,985,1,Cat 1,1,0,0,24
AL012007,2007,5,May,ANDREA,2007-05-06,2007-05-14,180,65,74,998,1,Cat 1,1,0,0,31
AL042007,2007,8,August,DEAN,2007-08-13,2007-08-23,234,150,172,905,5,Cat 5,1,1,2,42
AL062007,2007,8,August,FELIX,2007-08-31,2007-09-06,150,150,172,929,5,Cat 5,1,1,2,28
AL092007,2007,9,September,HUMBERTO,2007-09-12,2007-09-14,54,80,92,985,1,Cat 1,1,0,1,11
AL122007,2007,9,September,KAREN,2007-09-25,2007-09-29,108,65,74,988,1,Cat 1,1,0,0,19
AL132007,2007,9,September,LORENZO,2007-09-25,2007-09-28,72,70,80,990,1,Cat 1,1,0,1,14
AL162007,2007,10,October,NOEL,2007-10-24,2007-11-06,312,75,86,965,1,Cat 1,1,0,4,56
AL022008,2008,7,July,BERTHA,2008-07-03,2008-07-21,432,110,126,952,3,Cat 3,1,1,0,74
AL042008,2008,7,July,DOLLY,2008-07-20,2008-07-27,156,85,97,963,2,Cat 2,1,0,3,31
AL072008,2008,8,August,GUSTAV,2008-08-25,2008-09-05,276,135,155,941,4,Cat 4,1,1,6,50
AL082008,2008,8,August,HANNA,2008-08-28,2008-09-08,276,75,86,977,1,Cat 1,1,0,3,49
AL092008,2008,9,September,IKE,2008-09-01,2008-09-15,342,125,143,935,4,Cat 4,1,1,4,62
AL112008,2008,9,September,KYLE,2008-09-25,2008-09-30,132,75,86,984,1,Cat 1,1,0,1,23
AL122008,2008,9,September,LAURA,2008-09-26,2008-10-04,198,70,80,990,1,Cat 1,1,0,0,34
AL152008,2008,10,October,OMAR,2008-10-13,2008-10-21,186,115,132,958,4,Cat 4,1,1,0,32
AL172008,2008,11,November,PALOMA,2008-11-05,2008-11-14,204,125,143,944,4,Cat 4,1,1,1,36
AL032009,2009,8,August,BILL,2009-08-15,2009-08-26,258,115,132,943,4,Cat 4,1,1,1,46
AL072009,2009,9,September,FRED,2009-09-07,2009-09-19,282,105,120,958,3,Cat 3,1,1,0,48
AL112009,2009,11,November,IDA,2009-11-04,2009-11-11,168,90,103,975,2,Cat 2,1,0,1,31
AL012010,2010,6,June,ALEX,2010-06-24,2010-07-02,174,95,109,946,2,Cat 2,1,0,2,32
AL062010,2010,8,August,DANIELLE,2010-08-21,2010-09-03,300,115,132,942,4,Cat 4,1,1,0,51
AL072010,2010,8,August,EARL,2010-08-24,2010-09-06,312,125,143,927,4,Cat 4,1,1,2,55
AL112010,2010,9,September,IGOR,2010-09-08,2010-09-23,354,135,155,924,4,Cat 4,1,1,1,61
AL122010,2010,9,September,JULIA,2010-09-12,2010-09-24,300,120,138,948,4,Cat 4,1,1,0,51
AL132010,2010,9,September,KARL,2010-09-13,2010-09-18,108,110,126,956,3,Cat 3,1,1,2,22
AL142010,2010,9,September,LISA,2010-09-20,2010-09-29,216,75,86,982,1,Cat 1,1,0,0,38
AL172010,2010,10,October,OTTO,2010-10-06,2010-10-17,276,75,86,976,1,Cat 1,1,0,0,47
AL182010,2010,10,October,PAULA,2010-10-11,2010-10-15,114,90,103,981,2,Cat 2,1,0,2,21
AL192010,2010,10,October,RICHARD,2010-10-19,2010-10-26,162,85,97,977,2,Cat 2,1,0,1,29
AL202010,2010,10,October,SHARY,2010-10-28,2010-10-30,48,65,74,989,1,Cat 1,1,0,0,9
AL212010,2010,10,October,TOMAS,2010-10-29,2010-11-10,300,85,97,982,2,Cat 2,1,0,3,54
AL092011,2011,8,August,IRENE,2011-08-21,2011-08-30,216,105,120,942,3,Cat 3,1,1,9,43
AL122011,2011,8,August,KATIA,2011-08-28,2011-09-12,378,120,138,942,4,Cat 4,1,1,0,64
AL142011,2011,9,September,MARIA,2011-09-06,2011-09-16,240,70,80,983,1,Cat 1,1,0,1,42
AL152011,2011,9,September,NATE,2011-09-06,2011-09-12,126,65,74,994,1,Cat 1,1,0,1,23
AL162011,2011,9,September,OPHELIA,2011-09-20,2011-10-04,342,120,138,940,4,Cat 4,1,1,0,59
AL172011,2011,9,September,PHILIPPE,2011-09-23,2011-10-09,384,80,92,976,1,Cat 1,1,0,0,65
AL182011,2011,10,October,RINA,2011-10-22,2011-10-29,174,100,115,966,3,Cat 3,1,1,1,31
AL032012,2012,6,June,CHRIS,2012-06-17,2012-06-24,180,75,86,974,1,Cat 1,1,0,0,31
AL052012,2012,8,August,ERNESTO,2012-08-01,2012-08-10,210,85,97,973,2,Cat 2,1,0,3,39
AL082012,2012,8,August,GORDON,2012-08-15,2012-08-21,144,95,109,965,2,Cat 2,1,0,1,26
AL092012,2012,8,August,ISAAC,2012-08-20,2012-09-01,282,70,80,965,1,Cat 1,1,0,4,51
AL112012,2012,8,August,KIRK,2012-08-28,2012-09-03,126,90,103,970,2,Cat 2,1,0,0,22
AL122012,2012,8,August,LESLIE,2012-08-28,2012-09-12,348,70,80,968,1,Cat 1,1,0,0,60
AL132012,2012,9,September,MICHAEL,2012-09-02,2012-09-12,246,100,115,964,3,Cat 3,1,1,0,42
AL142012,2012,9,September,NADINE,2012-09-10,2012-10-04,570,80,92,978,1,Cat 1,1,0,0,96
AL172012,2012,10,October,RAFAEL,2012-10-12,2012-10-26,330,80,92,966,1,Cat 1,1,0,0,56
AL182012,2012,10,October,SANDY,2012-10-21,2012-10-31,234,100,115,940,3,Cat 3,1,1,3,45
AL092013,2013,9,September,HUMBERTO,2013-09-08,2013-09-19,270,80,92,979,1,Cat 1,1,0,0,46
AL102013,2013,9,September,INGRID,2013-09-12,2013-09-17,120,75,86,983,1,Cat 1,1,0,1,22
AL012014,2014,6,June,ARTHUR,2014-06-28,2014-07-09,264,85,97,973,2,Cat 2,1,0,2,47
AL032014,2014,7,July,BERTHA,2014-07-29,2014-08-09,270,70,80,996,1,Cat 1,1,0,1,47
AL042014,2014,8,August,CRISTOBAL,2014-08-23,2014-09-02,228,75,86,963,1,Cat 1,1,0,0,39
AL062014,2014,9,September,EDOUARD,2014-09-10,2014-09-22,276,105,120,955,3,Cat 3,1,1,0,47
AL072014,2014,10,October,FAY,2014-10-10,2014-10-13,72,70,80,983,1,Cat 1,1,0,1,14
AL082014,2014,10,October,GONZALO,2014-10-11,2014-10-20,204,125,143,940,4,Cat 4,1,1,4,39
AL042015,2015,8,August,DANNY,2015-08-17,2015-08-24,180,110,126,960,3,Cat 3,1,1,0,31
AL062015,2015,8,August,FRED,2015-08-30,2015-09-06,180,75,86,986,1,Cat 1,1,0,0,31
AL112015,2015,9,September,JOAQUIN,2015-09-26,2015-10-15,438,135,155,931,4,Cat 4,1,1,3,76
AL122015,2015,11,November,KATE,2015-11-08,2015-11-13,114,75,86,980,1,Cat 1,1,0,0,20
AL012016,2016,1,January,ALEX,2016-01-07,2016-01-17,240,75,86,978,1,Cat 1,1,0,1,42
AL052016,2016,8,August,EARL,2016-08-02,2016-08-06,102,75,86,979,1,Cat 1,1,0,3,20
AL072016,2016,8,August,GASTON,2016-08-21,2016-09-03,312,105,120,955,3,Cat 3,1,1,0,53
AL092016,2016,8,August,HERMINE,2016-08-28,2016-09-08,264,70,80,981,1,Cat 1,1,0,1,47
AL142016,2016,9,September,MATTHEW,2016-09-28,2016-10-10,276,145,166,934,5,Cat 5,1,1,4,50
AL152016,2016,10,October,NICOLE,2016-10-04,2016-10-19,366,120,138,950,4,Cat 4,1,1,0,63
AL162016,2016,11,November,OTTO,2016-11-17,2016-11-26,210,100,115,975,3,Cat 3,1,1,1,38
AL072017,2017,8,August,FRANKLIN,2017-08-06,2017-08-10,90,75,86,981,1,Cat 1,1,0,2,18
AL082017,2017,8,August,GERT,2017-08-12,2017-08-18,162,95,109,962,2,Cat 2,1,0,0,28
AL092017,2017,8,August,HARVEY,2017-08-16,2017-09-02,414,115,132,937,4,Cat 4,1,1,5,74
AL112017,2017,8,August,IRMA,2017-08-30,2017-09-13,348,155,178,914,5,Cat 5,1,1,7,66
AL122017,2017,9,September,JOSE,2017-09-04,2017-09-25,504,135,155,938,4,Cat 4,1,1,0,85
AL132017,2017,9,September,KATIA,2017-09-05,2017-09-09,96,90,103,972,2,Cat 2,1,0,1,18
AL142017,2017,9,September,LEE,2017-09-14,2017-09-30,372,100,115,962,3,Cat 3,1,1,0,63
AL152017,2017,9,September,MARIA,2017-09-16,2017-10-02,384,150,172,908,5,Cat 5,1,1,2,68
AL162017,2017,10,October,NATE,2017-10-03,2017-10-11,180,80,92,981,1,Cat 1,1,0,3,32
AL172017,2017,10,October,OPHELIA,2017-10-06,2017-10-17,270,100,115,957,3,Cat 3,1,1,1,47
AL022018,2018,7,July,BERYL,2018-07-04,2018-07-17,306,70,80,991,1,Cat 1,1,0,0,52
AL032018,2018,7,July,CHRIS,2018-07-05,2018-07-17,294,90,103,969,2,Cat 2,1,0,0,50
AL062018,2018,8,August,FLORENCE,2018-08-30,2018-09-18,462,130,149,937,4,Cat 4,1,1,1,79
AL082018,2018,9,September,HELENE,2018-09-07,2018-09-17,246,95,109,967,2,Cat 2,1,0,0,42
AL092018,2018,9,September,ISAAC,2018-09-07,2018-09-15,180,65,74,995,1,Cat 1,1,0,0,31
AL132018,2018,9,September,LESLIE,2018-09-22,2018-10-14,528,80,92,968,1,Cat 1,1,0,0,89
AL142018,2018,10,October,MICHAEL,2018-10-06,2018-10-15,216,140,161,919,5,Cat 5,1,1,1,38
AL162018,2018,10,October,OSCAR,2018-10-26,2018-11-04,210,95,109,952,2,Cat 2,1,0,0,36
AL022019,2019,7,July,BARRY,2019-07-10,2019-07-16,138,65,74,993,1,Cat 1,1,0,1,25
AL052019,2019,8,August,DORIAN,2019-08-24,2019-09-09,378,160,184,910,5,Cat 5,1,1,7,70
AL092019,2019,9,September,HUMBERTO,2019-09-12,2019-09-20,192,110,126,950,3,Cat 3,1,1,0,34
AL102019,2019,9,September,JERRY,2019-09-17,2019-09-28,264,90,103,976,2,Cat 2,1,0,0,45
AL132019,2019,9,September,LORENZO,2019-09-22,2019-10-04,276,140,161,925,5,Cat 5,1,1,0,48
AL182019,2019,10,October,PABLO,2019-10-23,2019-10-29,126,70,80,977,1,Cat 1,1,0,0,22
AL192019,2019,10,October,REBEKAH,2019-10-27,2019-11-01,132,70,80,965,1,Cat 1,1,0,0,23
AL082020,2020,7,July,HANNA,2020-07-23,2020-07-26,90,80,92,973,1,Cat 1,1,0,2,18
AL092020,2020,7,July,ISAIAS,2020-07-28,2020-08-05,186,80,92,986,1,Cat 1,1,0,4,36
AL132020,2020,8,August,LAURA,2020-08-20,2020-08-29,222,130,149,937,4,Cat 4,1,1,6,42
AL142020,2020,8,August,MARCO,2020-08-20,2020-08-25,120,65,74,991,1,Cat 1,1,0,0,21
AL162020,2020,9,September,NANA,2020-09-01,2020-09-04,66,65,74,994,1,Cat 1,1,0,1,13
AL172020,2020,9,September,PAULETTE,2020-09-07,2020-09-28,516,90,103,965,2,Cat 2,1,0,1,88
AL192020,2020,9,September,SALLY,2020-09-11,2020-09-18,156,95,109,965,2,Cat 2,1,0,2,28
AL202020,2020,9,September,TEDDY,2020-09-12,2020-09-24,288,120,138,945,4,Cat 4,1,1,0,49
AL252020,2020,10,October,GAMMA,2020-10-02,2020-10-06,108,65,74,978,1,Cat 1,1,0,2,21
AL262020,2020,10,October,DELTA,2020-10-04,2020-10-11,168,120,138,953,4,Cat 4,1,1,2,31
AL272020,2020,10,October,EPSILON,2020-10-16,2020-10-26,240,100,115,952,3,Cat 3,1,1,0,41
AL282020,2020,10,October,ZETA,2020-10-24,2020-10-30,132,100,115,970,3,Cat 3,1,1,2,25
AL292020,2020,10,October,ETA,2020-10-31,2020-11-14,318,130,149,922,4,Cat 4,1,1,4,58
AL312020,2020,11,November,IOTA,2020-11-12,2020-11-18,144,135,155,917,4,Cat 4,1,1,1,26
AL052021,2021,6,June,ELSA,2021-06-30,2021-07-10,228,75,86,991,1,Cat 1,1,0,4,43
AL072021,2021,8,August,GRACE,2021-08-13,2021-08-21,198,105,120,967,3,Cat 3,1,1,4,38
AL082021,2021,8,August,HENRI,2021-08-15,2021-08-24,234,65,74,986,1,Cat 1,1,0,2,42
AL092021,2021,8,August,IDA,2021-08-26,2021-09-04,222,130,149,929,4,Cat 4,1,1,3,40
AL122021,2021,8,August,LARRY,2021-08-31,2021-09-11,264,110,126,953,3,Cat 3,1,1,1,46
AL142021,2021,9,September,NICHOLAS,2021-09-12,2021-09-17,114,65,74,988,1,Cat 1,1,0,1,21
AL182021,2021,9,September,SAM,2021-09-22,2021-10-07,348,135,155,927,4,Cat 4,1,1,0,59
AL022022,2022,6,June,BONNIE,2022-06-27,2022-07-11,318,100,115,964,3,Cat 3,1,1,1,55
AL052022,2022,8,August,DANIELLE,2022-08-31,2022-09-15,366,75,86,972,1,Cat 1,1,0,0,62
AL062022,2022,9,September,EARL,2022-09-02,2022-09-15,306,95,109,948,2,Cat 2,1,0,0,52
AL072022,2022,9,September,FIONA,2022-09-14,2022-09-27,324,120,138,931,4,Cat 4,1,1,6,61
AL092022,2022,9,September,IAN,2022-09-22,2022-10-01,204,140,161,937,5,Cat 5,1,1,5,40
AL132022,2022,10,October,JULIA,2022-10-06,2022-10-10,96,75,86,982,1,Cat 1,1,0,4,21
AL152022,2022,10,October,LISA,2022-10-30,2022-11-05,132,80,92,985,1,Cat 1,1,0,1,24
AL162022,2022,10,October,MARTIN,2022-10-30,2022-11-04,120,75,86,932,1,Cat 1,1,0,0,21
AL172022,2022,11,November,NICOLE,2022-11-06,2022-11-11,126,65,74,980,1,Cat 1,1,0,5,26
AL052023,2023,7,July,DON,2023-07-11,2023-07-25,342,65,74,986,1,Cat 1,1,0,0,58
AL082023,2023,8,August,FRANKLIN,2023-08-19,2023-09-09,504,130,149,926,4,Cat 4,1,1,1,86
AL102023,2023,8,August,IDALIA,2023-08-26,2023-09-08,306,115,132,942,4,Cat 4,1,1,2,54
AL132023,2023,9,September,LEE,2023-09-05,2023-09-18,318,145,166,926,5,Cat 5,1,1,1,55
AL142023,2023,9,September,MARGOT,2023-09-07,2023-09-18,270,80,92,969,1,Cat 1,1,0,0,46
AL152023,2023,9,September,NIGEL,2023-09-15,2023-09-26,270,85,97,958,2,Cat 2,1,0,0,46
AL202023,2023,10,October,TAMMY,2023-10-18,2023-10-31,312,95,109,965,2,Cat 2,1,0,1,54
AL022024,2024,6,June,BERYL,2024-06-28,2024-07-11,312,145,166,932,5,Cat 5,1,1,3,57
AL042024,2024,8,August,DEBBY,2024-08-02,2024-08-10,198,70,80,979,1,Cat 1,1,0,2,35
AL052024,2024,8,August,ERNESTO,2024-08-11,2024-08-20,216,85,97,967,2,Cat 2,1,0,4,41
AL062024,2024,9,September,FRANCINE,2024-09-08,2024-09-14,126,90,103,972,2,Cat 2,1,0,1,23
AL092024,2024,9,September,HELENE,2024-09-23,2024-09-28,126,120,138,939,4,Cat 4,1,1,1,25
AL102024,2024,9,September,ISAAC,2024-09-24,2024-10-03,204,90,103,963,2,Cat 2,1,0,0,35
AL122024,2024,9,September,KIRK,2024-09-29,2024-10-10,246,130,149,928,4,Cat 4,1,1,0,42
AL132024,2024,10,October,LESLIE,2024-10-01,2024-10-12,270,90,103,970,2,Cat 2,1,0,0,46
AL142024,2024,10,October,MILTON,2024-10-04,2024-10-11,168,155,178,895,5,Cat 5,1,1,1,34
AL162024,2024,10,October,OSCAR,2024-10-19,2024-10-22,84,75,86,984,1,Cat 1,1,0,2,17
AL182024,2024,11,November,RAFAEL,2024-11-03,2024-11-10,162,105,120,954,3,Cat 3,1,1,1,29
AL042025,2025,8,August,DEXTER,2025-08-02,2025-08-13,252,70,80,988,1,Cat 1,1,0,0,43
AL052025,2025,8,August,ERIN,2025-08-11,2025-08-27,402,140,161,913,5,Cat 5,1,1,1,68
AL072025,2025,9,September,GABRIELLE,2025-09-17,2025-09-28,264,120,138,944,4,Cat 4,1,1,0,45
AL082025,2025,9,September,HUMBERTO,2025-09-24,2025-10-01,168,140,161,918,5,Cat 5,1,1,0,29
AL092025,2025,9,September,IMELDA,2025-09-26,2025-10-06,222,80,92,966,1,Cat 1,1,0,1,38
AL132025,2025,10,October,MELISSA,2025-10-21,2025-11-01,264,165,189,892,5,Cat 5,1,1,4,49
